Solver,Total Cost,Solve Time (s),Status
SCIP,-47.19596610767107,3.9580652713775635,Optimal
CBC,-47.195966201344035,0.9550323486328125,Optimal
